{"episode_reward":-256.0527670503621,"episode_duration":200,"_step":1800,"epsilon":0.05,"test_avg_duration":200,"loss":1.0925946567033626,"episode":599,"test_avg_reward":-218.2444918723616,"_runtime":355,"_wandb":{"runtime":355},"_timestamp":1.762874160453804e+09}