{"epsilon":0.05,"_runtime":154,"loss":1.0672350246924907,"episode_duration":20,"test_avg_reward":44.53,"episode":599,"episode_reward":20,"_wandb":{"runtime":154},"test_avg_duration":44.53,"_timestamp":1.7628711703203049e+09,"_step":1131}