{"episode":55,"_step":167,"epsilon":0.05001163469553596,"loss":2.15124168734022,"episode_reward":-874.5848496024104,"episode_duration":200,"_timestamp":1.7630282248063812e+09,"_wandb":{"runtime":44},"_runtime":44}