{"_timestamp":1.7628726201902976e+09,"_step":1724,"test_avg_duration":158.42,"epsilon":0.05,"episode_reward":-150,"episode_duration":150,"_wandb":{"runtime":466},"loss":5.500023547808329,"episode":599,"_runtime":466,"test_avg_reward":-158.42}