{"_step":1253,"loss":0.6499886042330154,"episode":599,"episode_reward":-85,"test_avg_duration":81.51,"test_avg_reward":-80.51,"_wandb":{"runtime":247},"_timestamp":1.7628730091427853e+09,"episode_duration":86,"_runtime":247,"epsilon":0.05}