{"test_avg_duration":500,"episode_duration":500,"episode":599,"test_avg_reward":500,"_timestamp":1.7628716120290673e+09,"_step":1673,"epsilon":0.05,"episode_reward":500,"_wandb":{"runtime":342},"_runtime":342,"loss":0.0011896501254523174}