{"episode":599,"_step":1293,"loss":0.7479922204216322,"epsilon":0.05,"test_avg_reward":-81.52,"test_avg_duration":82.52,"_wandb":{"runtime":267},"_runtime":267,"_timestamp":1.76287330475498e+09,"episode_reward":-74,"episode_duration":75}